id;codigo;descripcion;comentario;observacion
1;programming District Wooden;../data/blob/hipster.txt;../data/blob/hipster.txt;../data/blob/hipster.txt
2;Officer;../data/blob/hipster.txt;../data/blob/hipster.txt;../data/blob/hipster.txt
3;yellow programming strategy;../data/blob/hipster.txt;../data/blob/hipster.txt;../data/blob/hipster.txt
4;Czech Republic;../data/blob/hipster.txt;../data/blob/hipster.txt;../data/blob/hipster.txt
5;Investment Account streamline;../data/blob/hipster.txt;../data/blob/hipster.txt;../data/blob/hipster.txt
6;sticky neural Kids;../data/blob/hipster.txt;../data/blob/hipster.txt;../data/blob/hipster.txt
7;Cotton relationships;../data/blob/hipster.txt;../data/blob/hipster.txt;../data/blob/hipster.txt
8;Chief web-enabled interactive;../data/blob/hipster.txt;../data/blob/hipster.txt;../data/blob/hipster.txt
9;District Idaho Grocery;../data/blob/hipster.txt;../data/blob/hipster.txt;../data/blob/hipster.txt
10;Concrete Towels Avon;../data/blob/hipster.txt;../data/blob/hipster.txt;../data/blob/hipster.txt
